{
  "model_type": "RandomForestClassifier",
  "trained_at": "2025-11-08T23:10:23.043197",
  "random_state": 42,
  "hyperparameters": {
    "n_estimators": 200,
    "min_samples_split": 5,
    "min_samples_leaf": 2,
    "max_features": "sqrt",
    "max_depth": 20,
    "class_weight": "balanced",
    "bootstrap": true
  },
  "performance": {
    "train": {
      "accuracy": 0.9461684610512983,
      "precision_macro": 0.7363673449351134,
      "recall_macro": 0.9771769621792272,
      "f1_macro": 0.8313599299317571
    },
    "test": {
      "accuracy": 0.7948151342028673,
      "precision_macro": 0.09944362842370266,
      "recall_macro": 0.10916074745438181,
      "f1_macro": 0.1013774413113443
    }
  },
  "num_features": 24,
  "num_classes": 31,
  "feature_names": [
    "ev_year",
    "ev_month",
    "day_of_week",
    "season",
    "ev_state",
    "region",
    "dec_latitude",
    "dec_longitude",
    "has_coordinates",
    "acft_make_grouped",
    "acft_category",
    "damage_severity",
    "num_eng",
    "far_part",
    "flight_phase",
    "wx_cond_basic",
    "temp_category",
    "visibility_category",
    "flight_plan_filed",
    "flight_activity",
    "age_group",
    "pilot_cert",
    "experience_level",
    "recent_activity"
  ],
  "class_names": [
    "105853001",
    "106200020",
    "106201020",
    "106201220",
    "106202020",
    "106202220",
    "106204020",
    "106204111",
    "106204120",
    "106204208",
    "107101023",
    "107101024",
    "107101025",
    "202154544",
    "202202544",
    "204101544",
    "204102544",
    "204103044",
    "204103544",
    "204151044",
    "204152044",
    "206103044",
    "206151044",
    "206301544",
    "206304044",
    "206304046",
    "302204581",
    "303103081",
    "500000000",
    "99999",
    "OTHER"
  ]
}